section,content,parsed_at
Background and Motivation,"Financial disclosures increasingly serve as primary data sources for Environmental, Social, and Governance (ESG) analysis due to regulatory mandates and investor demand for standardized sustainability reporting (Christensen et al., 2021, [https://doi.org/10.1007/s11142-021-09609-5](https://doi.org/10.1007/s11142-021-09609-5)). Natural Language Processing (NLP) techniques have been widely adopted to extract ESG-related signals from annual reports, sustainability disclosures, and regulatory filings, enabling large-scale analysis beyond manual auditing capabilities (Díaz-Rainey et al., 2020, [https://doi.org/10.1016/j.jclepro.2020.121402](https://doi.org/10.1016/j.jclepro.2020.121402)).

However, multiple studies demonstrate that ESG disclosures frequently contain symbolic or aspirational language that is weakly correlated with measurable outcomes, leading to unreliable analytics when textual signals are interpreted without verification against structured financial data (Michelon et al., 2015, [https://doi.org/10.1002/bse.1865](https://doi.org/10.1002/bse.1865)). This limitation motivates the integration of NLP with formal reporting structures to enable verifiable and auditable extraction of ESG claims.

---",2026-01-30T18:13:56.003722
Why Constraint-Aware Extraction Was Proposed,"Standard financial NLP pipelines process filings as unstructured text, discarding formal accounting structure embedded in regulatory data formats (Leippold et al., 2022, [https://doi.org/10.1016/j.jfineco.2022.03.008](https://doi.org/10.1016/j.jfineco.2022.03.008)). This design choice allows models to achieve high classification accuracy while remaining agnostic to whether extracted claims correspond to reported facts, creating a pathway for hallucinated or unsupported claims to propagate into downstream reasoning systems (Ji et al., 2023, [https://doi.org/10.1145/3571730](https://doi.org/10.1145/3571730)).

Constraint-aware extraction was proposed to address this gap by enforcing explicit validity conditions on extracted claims, ensuring alignment between textual assertions and formally reported financial structures (Ganchev et al., 2010, [https://jmlr.org/papers/v11/ganchev10a.html](https://jmlr.org/papers/v11/ganchev10a.html)). In the ESG context, this approach enables differentiation between performative statements and verifiable commitments by binding extracted text to structured disclosures.

---",2026-01-30T18:13:56.003722
Core Methodology and Architecture,"Constraint-aware ESG claim extraction integrates transformer-based language models with lightweight symbolic constraints derived from financial reporting standards. Domain-specific language models such as FinBERT, which is pre-trained on financial corpora, have demonstrated superior performance on financial text classification compared to general-purpose models (Araci, 2019, [https://arxiv.org/abs/1908.10063](https://arxiv.org/abs/1908.10063)).

The extracted claims are validated against structured financial data encoded in XBRL, a standardized reporting language that represents financial facts using hierarchical taxonomies, explicit units, and reporting periods (XBRL International, 2023, [https://www.xbrl.org/standard/](https://www.xbrl.org/standard/)). Logical constraints enforce requirements such as taxonomy validity, numerical consistency, and temporal coherence, enabling machine-checkable verification prior to downstream reasoning.

---",2026-01-30T18:13:56.003722
Key Design Principles,"The primary design principle of constraint-aware extraction is early-stage verification, where invalid or unsupported claims are detected at extraction time rather than corrected post hoc (Zhang et al., 2023, [https://doi.org/10.1145/3544548](https://doi.org/10.1145/3544548)). This design contrasts with conventional hallucination mitigation approaches that rely on downstream fact-checking or confidence estimation (Maynez et al., 2020, [https://doi.org/10.18653/v1/2020.acl-main.173](https://doi.org/10.18653/v1/2020.acl-main.173)).

A second principle is minimal symbolic intervention, where constraints are expressed as simple logical rules rather than full formal reasoning systems, preserving scalability while improving robustness (Ratner et al., 2017, [https://www.vldb.org/pvldb/vol11/p269-ratner.pdf](https://www.vldb.org/pvldb/vol11/p269-ratner.pdf)).

---",2026-01-30T18:13:56.003722
Training Data and Assumptions,"Most implementations assume access to labeled ESG sentences for supervised claim classification, often derived from annotated corporate disclosures or sustainability reports (Li et al., 2022, [https://doi.org/10.1016/j.ipm.2022.102851](https://doi.org/10.1016/j.ipm.2022.102851)). The approach further assumes availability of machine-readable financial disclosures, which is increasingly satisfied due to mandatory XBRL adoption by regulators such as the U.S. SEC (Debreceny et al., 2010, [https://doi.org/10.2308/jis.2010.24.2.167](https://doi.org/10.2308/jis.2010.24.2.167)).

---",2026-01-30T18:13:56.003722
Empirical Performance and Benchmarks,"Empirical evaluations in related constraint-based extraction settings show that enforcing logical consistency can significantly reduce invalid predictions without materially degrading classification accuracy (Ganchev et al., 2010, [https://jmlr.org/papers/v11/ganchev10a.html](https://jmlr.org/papers/v11/ganchev10a.html)). In financial NLP, domain-adapted transformers consistently outperform generic models on sentiment and disclosure classification tasks, with gains in macro-F1 ranging from 5–15% depending on task complexity (Yang et al., 2020, [https://doi.org/10.18653/v1/2020.emnlp-main.676](https://doi.org/10.18653/v1/2020.emnlp-main.676)).

While direct benchmarks for ESG claim verification remain limited, studies on financial anomaly detection demonstrate that structure-aware systems identify inconsistencies missed by text-only pipelines (Dong et al., 2016, [https://doi.org/10.2308/isys-51354](https://doi.org/10.2308/isys-51354)).

---",2026-01-30T18:13:56.003722
Applications and Real-World Use Cases,"Constraint-aware ESG extraction supports regulatory compliance auditing by enabling automated detection of misleading or unsupported sustainability claims (Christensen et al., 2021, [https://doi.org/10.1007/s11142-021-09609-5](https://doi.org/10.1007/s11142-021-09609-5)). In industry settings, such systems can be integrated into ESG data pipelines to improve reliability of investment analytics and risk assessment tools (Kotsantonis & Serafeim, 2019, [https://doi.org/10.1111/jacf.12354](https://doi.org/10.1111/jacf.12354)).

Typical pipelines combine document ingestion, NLP-based claim extraction, constraint validation against XBRL, and downstream analytics or alerting modules, aligning with document intelligence architectures used in regulatory technology platforms (Leippold et al., 2022, [https://doi.org/10.1016/j.jfineco.2022.03.008](https://doi.org/10.1016/j.jfineco.2022.03.008)).

---",2026-01-30T18:13:56.003722
Limitations and Known Challenges,"Constraint-aware extraction depends on the completeness and correctness of structured financial disclosures, limiting applicability in jurisdictions or document types lacking standardized reporting (Debreceny et al., 2010, [https://doi.org/10.2308/jis.2010.24.2.167](https://doi.org/10.2308/jis.2010.24.2.167)). Additionally, symbolic constraints may fail to capture nuanced semantic relationships, such as indirect causality or qualitative explanations, reducing recall in complex narratives (De Cao et al., 2021, [https://arxiv.org/abs/2106.05931](https://arxiv.org/abs/2106.05931)).

Scalability remains a challenge when extending constraint sets across heterogeneous taxonomies and reporting regimes, and interpretability depends on transparent constraint design rather than model internals alone (Zhang et al., 2023, [https://doi.org/10.1145/3544548](https://doi.org/10.1145/3544548)).

---",2026-01-30T18:13:56.003722
Future Prospects and Research Directions,"Future research directions include integrating probabilistic constraints, neuro-symbolic reasoning, and cross-document consistency checks to improve robustness without sacrificing flexibility (De Cao et al., 2021, [https://arxiv.org/abs/2106.05931](https://arxiv.org/abs/2106.05931)). Expanding evaluation metrics beyond accuracy to include structural validity and error propagation analysis has been explicitly recommended in trustworthy AI surveys (Ji et al., 2023, [https://doi.org/10.1145/3571730](https://doi.org/10.1145/3571730)).

---",2026-01-30T18:13:56.003722
Redirections and Alternatives,"Constraint-aware extraction is insufficient when ESG claims rely on external evidence not present in financial filings, such as supply-chain disclosures or third-party audits, where knowledge-augmented retrieval systems or external fact-checking frameworks are required instead (Kryściński et al., 2020, [https://doi.org/10.18653/v1/2020.emnlp-main.657](https://doi.org/10.18653/v1/2020.emnlp-main.657)).

In settings requiring complex causal reasoning or normative assessment, hybrid neuro-symbolic systems or argument mining approaches provide richer representations than lightweight constraints alone (De Cao et al., 2021, [https://arxiv.org/abs/2106.05931](https://arxiv.org/abs/2106.05931)). These alternatives address limitations by incorporating structured reasoning beyond surface-level validation.

---

# Annotated Bibliography

**Araci (2019)** — Introduces FinBERT, establishing the foundation for domain-specific financial language modeling.
[https://arxiv.org/abs/1908.10063](https://arxiv.org/abs/1908.10063)

**Christensen et al. (2021)** — Analyzes regulatory impacts of ESG reporting and highlights risks of unverifiable disclosures.
[https://doi.org/10.1007/s11142-021-09609-5](https://doi.org/10.1007/s11142-021-09609-5)

**Debreceny et al. (2010)** — Provides empirical evidence on XBRL adoption and structured financial reporting.
[https://doi.org/10.2308/jis.2010.24.2.167](https://doi.org/10.2308/jis.2010.24.2.167)

**Ji et al. (2023)** — Comprehensive survey on hallucination in NLP, motivating early-stage verification.
[https://doi.org/10.1145/3571730](https://doi.org/10.1145/3571730)

**Kotsantonis & Serafeim (2019)** — Critically examines ESG data limitations in industry practice.
[https://doi.org/10.1111/jacf.12354](https://doi.org/10.1111/jacf.12354)

**Leippold et al. (2022)** — Documents structural weaknesses in financial text analytics pipelines.
[https://doi.org/10.1016/j.jfineco.2022.03.008](https://doi.org/10.1016/j.jfineco.2022.03.008)",2026-01-30T18:13:56.003722
1. Background and Scope,"The increasing deployment of machine learning models in regulated financial domains has intensified concerns regarding logical validity, auditability, and compliance with formal regulatory requirements (Christensen et al., 2021, [https://doi.org/10.1007/s11142-021-09609-5](https://doi.org/10.1007/s11142-021-09609-5)). While neural models have demonstrated strong empirical performance on prediction and classification tasks, they lack inherent mechanisms to enforce domain rules or legal constraints, leading to outputs that may be statistically plausible yet logically invalid (Ji et al., 2023, [https://doi.org/10.1145/3571730](https://doi.org/10.1145/3571730)).

This literature review examines research at the intersection of neural reasoning, symbolic constraint enforcement, and financial regulation. The scope includes neurosymbolic systems, constraint-based learning, and regulatory reasoning frameworks, with a particular focus on financial and ESG-related decision contexts. The review excludes purely descriptive NLP systems and focuses instead on approaches that explicitly encode or enforce formal constraints.

---",2026-01-30T18:33:17.438279
2. Historical Development of the Field,"Early financial AI systems relied on rule-based expert systems that encoded accounting principles and regulatory rules explicitly, enabling transparent but brittle reasoning (Baldwin et al., 2006, [https://doi.org/10.1016/j.intacc.2006.03.002](https://doi.org/10.1016/j.intacc.2006.03.002)). The rise of statistical learning and later deep learning shifted emphasis toward data-driven prediction, largely abandoning explicit rule representations in favor of end-to-end optimization (LeCun et al., 2015, [https://doi.org/10.1038/nature14539](https://doi.org/10.1038/nature14539)).

In financial NLP, transformer-based models such as domain-adapted BERT variants achieved state-of-the-art performance on sentiment and disclosure classification tasks, but operated independently of formal accounting or regulatory logic (Araci, 2019, [https://arxiv.org/abs/1908.10063](https://arxiv.org/abs/1908.10063)). This separation between predictive accuracy and logical validity gradually became recognized as a critical weakness in high-stakes domains (Maynez et al., 2020, [https://doi.org/10.18653/v1/2020.acl-main.173](https://doi.org/10.18653/v1/2020.acl-main.173)).

---",2026-01-30T18:33:17.438279
3. Dominant Approaches and Methods,"The dominant paradigm in financial reasoning employs neural models trained on labeled corpora to predict categories, risks, or outcomes based on textual or numerical inputs (Yang et al., 2020, [https://doi.org/10.18653/v1/2020.emnlp-main.676](https://doi.org/10.18653/v1/2020.emnlp-main.676)). These models assume that sufficient training data implicitly captures domain constraints, an assumption shown to fail under distributional shift or regulatory edge cases (Ovadia et al., 2019, [https://arxiv.org/abs/1906.02530](https://arxiv.org/abs/1906.02530)).

Parallel to this, symbolic reasoning systems employ formal logics, ontologies, or rule engines to enforce correctness guarantees but struggle with noisy, high-dimensional data typical of real-world financial disclosures (Ganchev et al., 2010, [https://jmlr.org/papers/v11/ganchev10a.html](https://jmlr.org/papers/v11/ganchev10a.html)). As a result, purely neural and purely symbolic systems exhibit complementary strengths and weaknesses.

---",2026-01-30T18:33:17.438279
4. Motivations for Alternative or Extended Approaches,"Neural models routinely violate domain rules without signaling uncertainty, producing silent logical failures that are difficult to detect post hoc (Ji et al., 2023, [https://doi.org/10.1145/3571730](https://doi.org/10.1145/3571730)). In regulated environments, such violations can lead to false compliance signals and legal exposure (Kotsantonis & Serafeim, 2019, [https://doi.org/10.1111/jacf.12354](https://doi.org/10.1111/jacf.12354)).

These limitations motivated the development of constraint-aware and neurosymbolic approaches that integrate symbolic rules into learning or inference processes. Rather than replacing neural models, these approaches aim to restrict their output space to legally or logically admissible solutions (Ratner et al., 2017, [https://www.vldb.org/pvldb/vol11/p269-ratner.pdf](https://www.vldb.org/pvldb/vol11/p269-ratner.pdf)).

---",2026-01-30T18:33:17.438279
5. Comparative Analysis of Key Contributions,"Posterior regularization frameworks introduced mechanisms to enforce constraints during probabilistic inference, demonstrating improved consistency without sacrificing predictive performance (Ganchev et al., 2010, [https://jmlr.org/papers/v11/ganchev10a.html](https://jmlr.org/papers/v11/ganchev10a.html)). Data programming systems such as Snorkel operationalized weak supervision through constraint-based labeling, scaling symbolic knowledge to industrial datasets (Ratner et al., 2017, [https://www.vldb.org/pvldb/vol11/p269-ratner.pdf](https://www.vldb.org/pvldb/vol11/p269-ratner.pdf)).

More recent neurosymbolic models integrate logical constraints directly into neural architectures or loss functions, enabling differentiable reasoning over symbolic structures (De Cao et al., 2021, [https://arxiv.org/abs/2106.05931](https://arxiv.org/abs/2106.05931)). However, comparative studies indicate that hard constraint enforcement provides stronger correctness guarantees than purely soft regularization in regulatory settings (Zhang et al., 2023, [https://doi.org/10.1145/3544548](https://doi.org/10.1145/3544548)).

---",2026-01-30T18:33:17.438279
"6. Data, Evidence, and Evaluation Practices","Evaluation of constraint-aware reasoning systems typically extends beyond accuracy to include constraint violation rates, logical consistency metrics, and explanation completeness (Zhang et al., 2023, [https://doi.org/10.1145/3544548](https://doi.org/10.1145/3544548)). In financial applications, structured data formats such as XBRL provide a natural constraint space by encoding hierarchies, units, and temporal relationships (Debreceny et al., 2010, [https://doi.org/10.2308/jis.2010.24.2.167](https://doi.org/10.2308/jis.2010.24.2.167)).

Nevertheless, benchmarking practices remain fragmented, with few standardized datasets explicitly designed to test regulatory consistency under constraint enforcement (Ji et al., 2023, [https://doi.org/10.1145/3571730](https://doi.org/10.1145/3571730)).

---",2026-01-30T18:33:17.438279
7. Applications and Impact,"Neurosymbolic constraint enforcement has been applied to compliance checking, fraud detection, and risk assessment, where logical violations must be explicitly identified rather than averaged away (Dong et al., 2016, [https://doi.org/10.2308/isys-51354](https://doi.org/10.2308/isys-51354)). In ESG analytics, constraint-aware reasoning enables differentiation between performative claims and substantiated commitments, improving auditability and trust (Christensen et al., 2021, [https://doi.org/10.1007/s11142-021-09609-5](https://doi.org/10.1007/s11142-021-09609-5)).

These systems influence adjacent fields such as regulatory technology, trustworthy AI, and document intelligence by reintroducing formal correctness criteria into data-driven pipelines (Leippold et al., 2022, [https://doi.org/10.1016/j.jfineco.2022.03.008](https://doi.org/10.1016/j.jfineco.2022.03.008)).

---",2026-01-30T18:33:17.438279
8. Limitations and Open Challenges,"Constraint specification remains labor-intensive and requires domain expertise, limiting scalability across jurisdictions and regulatory regimes (Debreceny et al., 2010, [https://doi.org/10.2308/jis.2010.24.2.167](https://doi.org/10.2308/jis.2010.24.2.167)). Over-constraining models may also reduce recall or suppress legitimate edge cases not covered by formal rules (De Cao et al., 2021, [https://arxiv.org/abs/2106.05931](https://arxiv.org/abs/2106.05931)).

Moreover, symbolic constraints may encode normative assumptions that are themselves contested, raising governance and interpretability challenges (Kotsantonis & Serafeim, 2019, [https://doi.org/10.1111/jacf.12354](https://doi.org/10.1111/jacf.12354)).

---",2026-01-30T18:33:17.438279
9. Emerging Trends and Future Directions,"Recent work explores hybrid constraint systems combining hard logical rules with probabilistic uncertainty modeling, enabling graded enforcement rather than binary rejection (De Cao et al., 2021, [https://arxiv.org/abs/2106.05931](https://arxiv.org/abs/2106.05931)). There is growing interest in explanation-first evaluation frameworks that treat constraint satisfaction traces as primary outputs rather than auxiliary artifacts (Zhang et al., 2023, [https://doi.org/10.1145/3544548](https://doi.org/10.1145/3544548)).

Standardization of regulatory reasoning benchmarks is increasingly recognized as a prerequisite for meaningful progress (Ji et al., 2023, [https://doi.org/10.1145/3571730](https://doi.org/10.1145/3571730)).

---",2026-01-30T18:33:17.438279
10. Alternative Perspectives and Related Paradigms,"When regulatory logic is underspecified or external evidence is required, retrieval-augmented generation and external fact-checking systems may be more appropriate than constraint enforcement alone (Kryściński et al., 2020, [https://doi.org/10.18653/v1/2020.emnlp-main.657](https://doi.org/10.18653/v1/2020.emnlp-main.657)). Argument mining and causal reasoning frameworks offer richer representations for normative assessment but lack the formal correctness guarantees of symbolic constraints (De Cao et al., 2021, [https://arxiv.org/abs/2106.05931](https://arxiv.org/abs/2106.05931)).

These paradigms complement constraint-aware reasoning by addressing semantic depth and external knowledge integration.

---",2026-01-30T18:33:17.438279
11. Annotated Bibliography,"**Araci (2019)** — Introduces FinBERT, enabling domain-specific neural reasoning in finance.
[https://arxiv.org/abs/1908.10063](https://arxiv.org/abs/1908.10063)

**Christensen et al. (2021)** — Analyzes regulatory consequences of ESG reporting and the need for verifiable claims.
[https://doi.org/10.1007/s11142-021-09609-5](https://doi.org/10.1007/s11142-021-09609-5)

**Ganchev et al. (2010)** — Establishes posterior regularization as a foundation for constraint-based learning.
[https://jmlr.org/papers/v11/ganchev10a.html](https://jmlr.org/papers/v11/ganchev10a.html)

**Ratner et al. (2017)** — Demonstrates scalable constraint-based supervision via data programming.
[https://www.vldb.org/pvldb/vol11/p269-ratner.pdf](https://www.vldb.org/pvldb/vol11/p269-ratner.pdf)

**De Cao et al. (2021)** — Surveys neurosymbolic reasoning and hybrid constraint systems.
[https://arxiv.org/abs/2106.05931](https://arxiv.org/abs/2106.05931)

**Ji et al. (2023)** — Comprehensive survey of hallucination and logical failure in neural systems.
[https://doi.org/10.1145/3571730](https://doi.org/10.1145/3571730)",2026-01-30T18:33:17.438279
